{"stats":{"minecraft:mined":{"minecraft:grass_block":1,"minecraft:spruce_log":5,"minecraft:dirt":1},"minecraft:killed_by":{"minecraft:zombie":1},"minecraft:custom":{"minecraft:jump":34,"minecraft:time_since_rest":3196,"minecraft:damage_taken":490,"minecraft:walk_one_cm":14793,"minecraft:crouch_one_cm":142,"minecraft:leave_game":2,"minecraft:sprint_one_cm":5907,"minecraft:play_time":12025,"minecraft:time_since_death":1601,"minecraft:deaths":1,"minecraft:sneak_time":122,"minecraft:total_world_time":12025,"minecraft:fall_one_cm":418,"minecraft:fly_one_cm":4195},"minecraft:picked_up":{"minecraft:spruce_log":5,"minecraft:dirt":2},"minecraft:used":{"minecraft:dirt":2}},"DataVersion":2975}