{"stats":{"minecraft:mined":{"minecraft:spruce_planks":1,"minecraft:iron_ore":3,"minecraft:sweet_berry_bush":19,"minecraft:spruce_log":28,"minecraft:spruce_door":1,"minecraft:crafting_table":2,"minecraft:grass_block":7,"minecraft:coal_ore":32,"minecraft:gravel":1,"minecraft:dirt":4,"minecraft:spruce_leaves":16,"minecraft:stone":12,"minecraft:diorite":1,"minecraft:fern":1},"minecraft:dropped":{"minecraft:wooden_pickaxe":1},"minecraft:killed_by":{"minecraft:spider":1,"minecraft:zombie":1},"minecraft:killed":{"minecraft:sheep":3,"minecraft:cow":1},"minecraft:custom":{"minecraft:time_since_rest":38,"minecraft:sprint_one_cm":27686,"minecraft:damage_taken":820,"minecraft:walk_one_cm":41273,"minecraft:mob_kills":4,"minecraft:drop":1,"minecraft:damage_dealt":383,"minecraft:swim_one_cm":11995,"minecraft:interact_with_crafting_table":3,"minecraft:fly_one_cm":17626,"minecraft:crouch_one_cm":1367,"minecraft:play_time":24025,"minecraft:deaths":3,"minecraft:sneak_time":638,"minecraft:walk_under_water_one_cm":3416,"minecraft:jump":212,"minecraft:walk_on_water_one_cm":2245,"minecraft:leave_game":2,"minecraft:time_since_death":0,"minecraft:total_world_time":24025,"minecraft:fall_one_cm":7537},"minecraft:used":{"minecraft:spruce_door":3,"minecraft:stone_pickaxe":43,"minecraft:spruce_planks":1,"minecraft:wooden_pickaxe":6,"minecraft:stone_axe":25,"minecraft:dirt":2,"minecraft:cobblestone":6,"minecraft:sweet_berries":2,"minecraft:crafting_table":2},"minecraft:picked_up":{"minecraft:raw_iron":3,"minecraft:stick":2,"minecraft:crafting_table":2,"minecraft:sweet_berries":48,"minecraft:leather":2,"minecraft:flint":1,"minecraft:spruce_sapling":1,"minecraft:diorite":1,"minecraft:spruce_log":29,"minecraft:spruce_door":1,"minecraft:dirt":10,"minecraft:spruce_planks":1,"minecraft:beef":1,"minecraft:mutton":5,"minecraft:coal":32,"minecraft:white_wool":3,"minecraft:cobblestone":12},"minecraft:crafted":{"minecraft:crafting_table":1,"minecraft:spruce_planks":20,"minecraft:stick":8,"minecraft:wooden_pickaxe":1,"minecraft:stone_pickaxe":1,"minecraft:spruce_door":3,"minecraft:stone_axe":1}},"DataVersion":2975}