{"stats":{"minecraft:mined":{"minecraft:large_fern":2,"minecraft:spruce_planks":2,"minecraft:iron_ore":19,"minecraft:sweet_berry_bush":20,"minecraft:andesite":4,"minecraft:spruce_log":33,"minecraft:spruce_door":1,"minecraft:clay":3,"minecraft:torch":1,"minecraft:crafting_table":3,"minecraft:granite":1,"minecraft:grass_block":8,"minecraft:coal_ore":74,"minecraft:gravel":1,"minecraft:dirt":5,"minecraft:cobblestone":1,"minecraft:spruce_leaves":21,"minecraft:stone":35,"minecraft:diorite":1,"minecraft:wall_torch":1,"minecraft:fern":2},"minecraft:dropped":{"minecraft:wooden_pickaxe":1},"minecraft:killed_by":{"minecraft:spider":1,"minecraft:zombie":1},"minecraft:killed":{"minecraft:sheep":3,"minecraft:cow":1},"minecraft:custom":{"minecraft:time_since_rest":1153,"minecraft:sprint_one_cm":51808,"minecraft:damage_taken":1650,"minecraft:walk_one_cm":64804,"minecraft:mob_kills":4,"minecraft:drop":1,"minecraft:damage_dealt":393,"minecraft:swim_one_cm":11995,"minecraft:interact_with_crafting_table":5,"minecraft:fly_one_cm":35527,"minecraft:crouch_one_cm":5122,"minecraft:play_time":36025,"minecraft:deaths":5,"minecraft:sneak_time":2170,"minecraft:walk_under_water_one_cm":3416,"minecraft:jump":352,"minecraft:walk_on_water_one_cm":2485,"minecraft:leave_game":2,"minecraft:time_since_death":1087,"minecraft:total_world_time":36025,"minecraft:fall_one_cm":19834},"minecraft:used":{"minecraft:spruce_door":3,"minecraft:stone_pickaxe":133,"minecraft:spruce_planks":9,"minecraft:wooden_pickaxe":6,"minecraft:stone_axe":28,"minecraft:torch":5,"minecraft:dirt":4,"minecraft:cobblestone":8,"minecraft:sweet_berries":7,"minecraft:crafting_table":4,"minecraft:andesite":4},"minecraft:picked_up":{"minecraft:raw_iron":21,"minecraft:stick":6,"minecraft:crafting_table":4,"minecraft:clay_ball":8,"minecraft:sweet_berries":96,"minecraft:andesite":4,"minecraft:leather":2,"minecraft:torch":2,"minecraft:flint":1,"minecraft:spruce_sapling":1,"minecraft:diorite":1,"minecraft:spruce_log":34,"minecraft:spruce_door":2,"minecraft:dirt":12,"minecraft:spruce_planks":5,"minecraft:granite":1,"minecraft:beef":1,"minecraft:stone_pickaxe":1,"minecraft:mutton":10,"minecraft:coal":74,"minecraft:white_wool":3,"minecraft:cobblestone":36},"minecraft:broken":{"minecraft:stone_pickaxe":1},"minecraft:crafted":{"minecraft:crafting_table":1,"minecraft:spruce_planks":40,"minecraft:stick":12,"minecraft:wooden_pickaxe":1,"minecraft:stone_pickaxe":2,"minecraft:spruce_door":3,"minecraft:furnace":2,"minecraft:torch":8,"minecraft:stone_axe":2}},"DataVersion":2975}