{
  "minecraft:recipes/misc/charcoal": {
    "criteria": {
      "has_log": "2024-07-07 21:33:38 +0000"
    },
    "done": true
  },
  "minecraft:recipes/building_blocks/spruce_planks": {
    "criteria": {
      "has_logs": "2024-07-07 21:33:38 +0000"
    },
    "done": true
  },
  "twilightforest:alt/compat/ie_shaders": {
    "criteria": {
      "ie_masterwork": "2024-07-07 21:44:15 +0000",
      "ie_uncommon": "2024-07-07 21:44:15 +0000",
      "tf_masterwork": "2024-07-07 21:44:15 +0000",
      "tf_uncommon": "2024-07-07 21:44:15 +0000",
      "tf_common": "2024-07-07 21:44:15 +0000",
      "ie_rare": "2024-07-07 21:44:15 +0000",
      "ie_shader": "2024-07-07 21:44:15 +0000",
      "ie_common": "2024-07-07 21:44:15 +0000",
      "ie_twilight": "2024-07-07 21:44:15 +0000",
      "tf_epic": "2024-07-07 21:44:15 +0000",
      "ie_epic": "2024-07-07 21:44:15 +0000",
      "tf_twilight": "2024-07-07 21:44:15 +0000",
      "tf_shader": "2024-07-07 21:44:15 +0000",
      "tf_rare": "2024-07-07 21:44:15 +0000"
    },
    "done": true
  },
  "minecraft:recipes/building_blocks/spruce_wood": {
    "criteria": {
      "has_log": "2024-07-07 21:33:38 +0000"
    },
    "done": true
  },
  "minecraft:adventure/root": {
    "criteria": {
      "killed_by_something": "2024-07-07 21:47:42 +0000"
    },
    "done": true
  },
  "twilightforest:alt/compat/tc_aspects": {
    "criteria": {
      "thaumometer": "2024-07-07 21:44:15 +0000",
      "crystal_essence": "2024-07-07 21:44:15 +0000",
      "thaumonomicon": "2024-07-07 21:44:15 +0000"
    },
    "done": true
  },
  "minecraft:adventure/adventuring_time": {
    "criteria": {
      "minecraft:taiga": "2024-07-07 21:31:07 +0000"
    },
    "done": false
  },
  "DataVersion": 2975
}